{
  ".apiVersion": "2.0+1.16.1",
  ".modVersion": "1.5.1+1.16.1",
  ".dataVersion": 0,
  "maxCapacity": 1,
  "maxConcurrently": 5,
  "maxConcurrently_onWall": 9,
  "maxWorldGenerationPercentage": 20,
  "resumeOnFilledQueue": false,
  "useWall": false,
  "rows": 2,
  "columns": 2,
  "simulatedWindowSize": {
    "width": 2560,
    "height": 400
  },
  "resetCooldown": 150,
  "waitForPreviewSetup": false,
  "bypassWall": true,
  "smartSwitch": true,
  "wallFPS": 180,
  "previewFPS": 15,
  "preparingPreviews": -1,
  "freezeLockedPreviews": false,
  "reduceLevelList": true,
  "chunkMapFreezing": -1,
  "showAdvancedSettings": true,
  "seedQueueThreadPriority": 5,
  "serverThreadPriority": 4,
  "backgroundExecutorThreads": 0,
  "backgroundExecutorThreadPriority": 3,
  "wallExecutorThreads": 0,
  "wallExecutorThreadPriority": 4,
  "chunkUpdateThreads": 0,
  "chunkUpdateThreadPriority": 3,
  "showDebugMenu": false,
  "benchmarkResets": 1000,
  "useWatchdog": false,
  "showChunkMaps": false,
  "keyBindings": {
    "seedqueue.key.play": "key.keyboard.unknown",
    "seedqueue.key.focusReset": "key.keyboard.unknown",
    "seedqueue.key.reset": "key.keyboard.x",
    "seedqueue.key.lock": "key.keyboard.w",
    "seedqueue.key.resetAll": "key.keyboard.e",
    "seedqueue.key.resetColumn": "key.keyboard.unknown",
    "seedqueue.key.resetRow": "key.keyboard.unknown",
    "seedqueue.key.playNextLock": "key.keyboard.o",
    "seedqueue.key.scheduleJoin": "key.keyboard.unknown",
    "seedqueue.key.scheduleAll": "key.keyboard.unknown",
    "seedqueue.key.startBenchmark": "key.keyboard.m",
    "seedqueue.key.cancelBenchmark": "key.keyboard.n"
  }
}