{
  ".apiVersion": "2.0+1.16.1",
  ".modVersion": "2.3+1.16.1",
  ".dataVersion": 0,
  "fov": 110.0,
  "realmsNotifications": true,
  "fullscreenResolution": null,
  "biomeBlendRadius": 2.0,
  "graphicsMode": 1,
  "renderDistance": 32.0,
  "ao": 0,
  "maxFps": 190.0,
  "enableVsync": false,
  "bobView": false,
  "guiScale": 3,
  "attackIndicator": 1,
  "gamma": 5.0,
  "renderClouds": 0,
  "fullscreen": false,
  "particles": 2,
  "mipmapLevels": 4.0,
  "entityShadows": true,
  "entityDistanceScaling": 0.5,
  "entityCulling": false,
  "modelPart_cape": true,
  "modelPart_jacket": true,
  "modelPart_left_sleeve": true,
  "modelPart_right_sleeve": true,
  "modelPart_left_pants_leg": true,
  "modelPart_right_pants_leg": true,
  "modelPart_hat": true,
  "mainHand": 1,
  "soundCategory_master": 1.0,
  "soundCategory_music": 0.0,
  "soundCategory_record": 0.30633804,
  "soundCategory_weather": 0.5070422,
  "soundCategory_block": 0.40140846,
  "soundCategory_hostile": 0.12946428,
  "soundCategory_neutral": 0.20422535,
  "soundCategory_player": 1.0,
  "soundCategory_ambient": 0.20774648,
  "soundCategory_voice": 1.0,
  "showSubtitles": true,
  "language": "en_us",
  "forceUnicodeFont": false,
  "mouseSensitivity": 0.02291165,
  "invertYMouse": false,
  "mouseWheelSensitivity": 1.0,
  "discrete_mouse_scroll": false,
  "touchscreen": false,
  "rawMouseInput": true,
  "autoJump": false,
  "key_key.jump": "key.keyboard.space",
  "key_key.sneak": "key.keyboard.left.shift",
  "key_key.sprint": "key.keyboard.right.control",
  "key_key.left": "key.keyboard.page.down",
  "key_key.right": "key.keyboard.x",
  "key_key.back": "key.keyboard.s",
  "key_key.forward": "key.keyboard.w",
  "key_key.attack": "key.mouse.left",
  "key_key.pickItem": "key.mouse.middle",
  "key_key.use": "key.mouse.right",
  "key_key.drop": "key.keyboard.o",
  "key_key.hotbar.1": "key.keyboard.1",
  "key_key.hotbar.2": "key.keyboard.2",
  "key_key.hotbar.3": "key.keyboard.3",
  "key_key.hotbar.4": "key.keyboard.4",
  "key_key.hotbar.5": "key.keyboard.5",
  "key_key.hotbar.6": "key.keyboard.c",
  "key_key.hotbar.7": "key.keyboard.backspace",
  "key_key.hotbar.8": "key.keyboard.g",
  "key_key.hotbar.9": "key.keyboard.r",
  "key_key.inventory": "key.keyboard.e",
  "key_key.swapOffhand": "key.keyboard.f",
  "key_key.loadToolbarActivator": "key.keyboard.q",
  "key_key.saveToolbarActivator": "key.keyboard.p",
  "key_key.playerlist": "key.keyboard.tab",
  "key_key.chat": "key.keyboard.i",
  "key_key.command": "key.keyboard.slash",
  "key_key.advancements": "key.keyboard.unknown",
  "key_key.spectatorOutlines": "key.keyboard.unknown",
  "key_key.screenshot": "key.keyboard.unknown",
  "key_key.smoothCamera": "key.keyboard.unknown",
  "key_key.fullscreen": "key.keyboard.unknown",
  "key_key.togglePerspective": "key.keyboard.v",
  "key_Create New World": "key.keyboard.f6",
  "key_speedrunigt.controls.start_timer": "key.keyboard.unknown",
  "key_speedrunigt.controls.stop_timer": "key.keyboard.unknown",
  "chatVisibility": 0,
  "chatColors": true,
  "chatLinks": true,
  "chatLinksPrompt": true,
  "chatOpacity": 1.0,
  "textBackgroundOpacity": 0.5,
  "chatScale": 1.0,
  "chatLineSpacing": 0.0,
  "chatWidth": 1.0,
  "chatHeightFocused": 1.0,
  "chatHeightUnfocused": 0.44366195797920227,
  "narrator": 0,
  "autoSuggestions": true,
  "reducedDebugInfo": false,
  "backgroundForChatOnly": 1,
  "chatDelay": 0.0,
  "toggleCrouch": 0,
  "toggleSprint": 1,
  "pauseOnLostFocus": true,
  "advancedItemTooltips": true,
  "hitboxes": true,
  "chunkborders": true,
  "pieDirectory": "root.gameRenderer.level.entities",
  "perspective": 0,
  "f1": {
    "enabled": false,
    "value": false
  },
  "sneaking": {
    "enabled": false,
    "value": false
  },
  "sprinting": true,
  "fovOnWorldJoin": 110.0,
  "renderDistanceOnWorldJoin": 8.0,
  "entityDistanceScalingOnWorldJoin": {
    "enabled": false,
    "value": 5.0
  },
  "guiScaleOnWorldJoin": {
    "enabled": false,
    "value": 2
  },
  "toggleStandardSettings": true,
  "toggleAll": true,
  "autoF3Esc": true,
  "firstAutoF3EscDelay": 22,
  "triggerOnResize": false
}